Výraz	Rod	Úroveň	Anglicky
muž	maskulinum	1	man
student	maskulinum	1	student
učitel	maskulinum	1	teacher
doktor	maskulinum	1	doctor
přítel	maskulinum	1	friend (male)
bratr	maskulinum	1	brother
otec	maskulinum	1	father
syn	maskulinum	1	son
pes	maskulinum	1	dog
stůl	maskulinum	1	table
dům	maskulinum	1	house
byt	maskulinum	1	apartment
vlak	maskulinum	1	train
autobus	maskulinum	1	bus
telefon	maskulinum	1	telephone
počítač	maskulinum	1	computer
rok	maskulinum	1	year
den	maskulinum	1	day
chléb	maskulinum	1	bread
sýr	maskulinum	1	cheese
žena	femininum	1	woman
matka	femininum	1	mother
sestra	femininum	1	sister
dcera	femininum	1	daughter
učitelka	femininum	1	teacher (female)
doktorka	femininum	1	doctor (female)
studentka	femininum	1	student (female)
Praha	femininum	1	Prague
škola	femininum	1	school
kniha	femininum	1	book
voda	femininum	1	water
káva	femininum	1	coffee
rodina	femininum	1	family
zahrada	femininum	1	garden
hodina	femininum	1	hour
minuta	femininum	1	minute
adresa	femininum	1	address
banka	femininum	1	bank
cena	femininum	1	price
mapa	femininum	1	map
město	neutrum	1	city
jezero	neutrum	1	lake
okno	neutrum	1	window
křeslo	neutrum	1	armchair
jablko	neutrum	1	apple
pivo	neutrum	1	beer
víno	neutrum	1	wine
maso	neutrum	1	meat
mléko	neutrum	1	milk
máslo	neutrum	1	butter
auto	neutrum	1	car
kino	neutrum	1	cinema
divadlo	neutrum	1	theatre
letadlo	neutrum	1	airplane
slovo	neutrum	1	word
číslo	neutrum	1	number
jméno	neutrum	1	name
místo	neutrum	1	place
světlo	neutrum	1	light
zlato	neutrum	1	gold
turista	maskulinum	2	tourist
starosta	maskulinum	2	mayor
předseda	maskulinum	2	chairman
táta	maskulinum	2	dad
specialista	maskulinum	2	specialist
policista	maskulinum	2	policeman
fotbalista	maskulinum	2	footballer
hokejista	maskulinum	2	hockey player
ateista	maskulinum	2	atheist
buddhista	maskulinum	2	Buddhist
optimista	maskulinum	2	optimist
pesimista	maskulinum	2	pessimist
stážista	maskulinum	2	intern
chleba	maskulinum	2	bread
žena	femininum	2	woman
matka	femininum	2	mother
sestra	femininum	2	sister
dcera	femininum	2	daughter
škola	femininum	2	school
kniha	femininum	2	book
voda	femininum	2	water
káva	femininum	2	coffee
rodina	femininum	2	family
zahrada	femininum	2	garden
hodina	femininum	2	hour
minuta	femininum	2	minute
adresa	femininum	2	address
banka	femininum	2	bank
cena	femininum	2	price
mapa	femininum	2	map
Praha	femininum	2	Prague
soudce	maskulinum	3	judge
průvodce	maskulinum	3	guide
vůdce	maskulinum	3	leader
vládce	maskulinum	3	ruler
dárce	maskulinum	3	donor
správce	maskulinum	3	administrator
obhájce	maskulinum	3	defender
zástupce	maskulinum	3	representative
příjemce	maskulinum	3	recipient
práce	femininum	3	work
ulice	femininum	3	street
židle	femininum	3	chair
přítelkyně	femininum	3	friend (female)
nemocnice	femininum	3	hospital
restaurace	femininum	3	restaurant
stanice	femininum	3	station
večeře	femininum	3	dinner
snídaně	femininum	3	breakfast
krize	femininum	3	crisis
kůže	femininum	3	skin / leather
lžíce	femininum	3	spoon
silnice	femininum	3	road
vůně	femininum	3	scent
soudce	maskulinum	4	judge
průvodce	maskulinum	4	guide
vůdce	maskulinum	4	leader
vládce	maskulinum	4	ruler
dárce	maskulinum	4	donor
správce	maskulinum	4	administrator
obhájce	maskulinum	4	defender
zástupce	maskulinum	4	representative
příjemce	maskulinum	4	recipient
práce	femininum	4	work
ulice	femininum	4	street
židle	femininum	4	chair
přítelkyně	femininum	4	friend (female)
nemocnice	femininum	4	hospital
restaurace	femininum	4	restaurant
stanice	femininum	4	station
večeře	femininum	4	dinner
snídaně	femininum	4	breakfast
krize	femininum	4	crisis
kůže	femininum	4	skin / leather
lžíce	femininum	4	spoon
silnice	femininum	4	road
vůně	femininum	4	scent
moře	neutrum	4	sea
nebe	neutrum	4	sky
pole	neutrum	4	field
schodiště	neutrum	4	staircase
stanoviště	neutrum	4	station / stop
učiliště	neutrum	4	vocational school
hřiště	neutrum	4	playground
letiště	neutrum	4	airport
nástupiště	neutrum	4	platform
parkoviště	neutrum	4	parking lot
pracoviště	neutrum	4	workplace
bydliště	neutrum	4	residence
srdce	neutrum	4	heart
vejce	neutrum	4	egg
rajče	neutrum	4	tomato
ovoce	neutrum	4	fruit
kuře	neutrum	4	chicken
dítě	neutrum	4	child
zvíře	neutrum	4	animal
Výraz	Rod	Úroveň	Anglicky
muž	maskulinum	5	man
student	maskulinum	5	student
učitel	maskulinum	5	teacher
doktor	maskulinum	5	doctor
přítel	maskulinum	5	friend (male)
bratr	maskulinum	5	brother
otec	maskulinum	5	father
syn	maskulinum	5	son
pes	maskulinum	5	dog
stůl	maskulinum	5	table
dům	maskulinum	5	house
byt	maskulinum	5	apartment
vlak	maskulinum	5	train
autobus	maskulinum	5	bus
telefon	maskulinum	5	telephone
počítač	maskulinum	5	computer
rok	maskulinum	5	year
den	maskulinum	5	day
chléb	maskulinum	5	bread
sýr	maskulinum	5	cheese
adresát	maskulinum	5	addressee
advokát	maskulinum	5	lawyer
aerobik	maskulinum	5	aerobics
alkohol	maskulinum	5	alcohol
asistent	maskulinum	5	assistant
automat	maskulinum	5	vending machine
balík	maskulinum	5	package
balon	maskulinum	5	balloon
banán	maskulinum	5	banana
bankomat	maskulinum	5	ATM
basketbal	maskulinum	5	basketball
bazén	maskulinum	5	pool
benzin	maskulinum	5	petrol
bod	maskulinum	5	point
bonbon	maskulinum	5	candy
březen	maskulinum	5	March
centimetr	maskulinum	5	centimetre
cirkus	maskulinum	5	circus
citron	maskulinum	5	lemon
cizinec	maskulinum	5	foreigner
cukr	maskulinum	5	sugar
čaj	maskulinum	5	tea
čas	maskulinum	5	time
časopis	maskulinum	5	magazine
červen	maskulinum	5	June
červenec	maskulinum	5	July
česnek	maskulinum	5	garlic
číšník	maskulinum	5	waiter
člověk	maskulinum	5	person
čtvrtek	maskulinum	5	Thursday
dárek	maskulinum	5	gift
dědeček	maskulinum	5	grandfather
dělník	maskulinum	5	worker
déšť	maskulinum	5	rain
deštník	maskulinum	5	umbrella
dezert	maskulinum	5	dessert
diplom	maskulinum	5	diploma
doklad	maskulinum	5	document
dopis	maskulinum	5	letter
dort	maskulinum	5	cake
duben	maskulinum	5	April
důchod	maskulinum	5	pension
důchodce	maskulinum	5	pensioner
džus	maskulinum	5	juice
farmář	maskulinum	5	farmer
fax	maskulinum	5	fax
film	maskulinum	5	film
fotbal	maskulinum	5	football
gauč	maskulinum	5	couch
gram	maskulinum	5	gram
guláš	maskulinum	5	goulash
gynekolog	maskulinum	5	gynaecologist
hasič	maskulinum	5	firefighter
herec	maskulinum	5	actor
hlad	maskulinum	5	hunger
hluk	maskulinum	5	noise
hokej	maskulinum	5	hockey
holič	maskulinum	5	barber
host	maskulinum	5	guest
hudebník	maskulinum	5	musician
hypermarket	maskulinum	5	hypermarket
chlapec	maskulinum	5	boy
infarkt	maskulinum	5	heart attack
informatik	maskulinum	5	IT specialist
inzerát	maskulinum	5	advertisement
jazyk	maskulinum	5	tongue / language
jazz	maskulinum	5	jazz
jih	maskulinum	5	south
jogurt	maskulinum	5	yoghurt
kabát	maskulinum	5	coat
kamarád	maskulinum	5	friend
kámen	maskulinum	5	stone
kartáček	maskulinum	5	toothbrush
kašel	maskulinum	5	cough
kečup	maskulinum	5	ketchup
kilogram	maskulinum	5	kilogram
kilometr	maskulinum	5	kilometre
klid	maskulinum	5	calm
kluk	maskulinum	5	boy
knedlík	maskulinum	5	dumpling
kolek	maskulinum	5	stamp
koncert	maskulinum	5	concert
konec	maskulinum	5	end
kopec	maskulinum	5	hill
kostel	maskulinum	5	church
kov	maskulinum	5	metal
krém	maskulinum	5	cream
krk	maskulinum	5	neck
kuchař	maskulinum	5	cook
květen	maskulinum	5	May
leden	maskulinum	5	January
lék	maskulinum	5	medicine
lékárník	maskulinum	5	pharmacist
lékař	maskulinum	5	doctor
les	maskulinum	5	forest
lístek	maskulinum	5	ticket / leaf
listopad	maskulinum	5	November
litr	maskulinum	5	litre
manžel	maskulinum	5	husband
měsíc	maskulinum	5	month / moon
metr	maskulinum	5	metre
míč	maskulinum	5	ball
mobil	maskulinum	5	mobile phone
Mongol	maskulinum	5	Mongolian
most	maskulinum	5	bridge
motor	maskulinum	5	engine
mráz	maskulinum	5	frost
muzikál	maskulinum	5	musical
nábytek	maskulinum	5	furniture
nájemník	maskulinum	5	tenant
nákup	maskulinum	5	purchase
nápad	maskulinum	5	idea
nápoj	maskulinum	5	drink
nepořádek	maskulinum	5	mess
nos	maskulinum	5	nose
novinář	maskulinum	5	journalist
oběd	maskulinum	5	lunch
obchod	maskulinum	5	shop
obličej	maskulinum	5	face
obor	maskulinum	5	field
odesílatel	maskulinum	5	sender
odjezd	maskulinum	5	departure
odpad	maskulinum	5	waste
opravář	maskulinum	5	repairman
orchestr	maskulinum	5	orchestra
pan	maskulinum	5	Mr
papír	maskulinum	5	paper
pardon	maskulinum	5	pardon
párek	maskulinum	5	sausage
pas	maskulinum	5	passport
pátek	maskulinum	5	Friday
plat	maskulinum	5	salary
ples	maskulinum	5	ball
plyn	maskulinum	5	gas
pobyt	maskulinum	5	stay
podnik	maskulinum	5	business
podnikatel	maskulinum	5	entrepreneur
podpis	maskulinum	5	signature
podzim	maskulinum	5	autumn
pojištěnec	maskulinum	5	insured person
pokoj	maskulinum	5	room
polyester	maskulinum	5	polyester
pomeranč	maskulinum	5	orange
pop	maskulinum	5	pop music
poplatek	maskulinum	5	fee
pořádek	maskulinum	5	order
poukaz	maskulinum	5	voucher
pozdrav	maskulinum	5	greeting
pozor	maskulinum	5	attention
právník	maskulinum	5	lawyer
prezident	maskulinum	5	president
problém	maskulinum	5	problem
prodavač	maskulinum	5	shop assistant
profesor	maskulinum	5	professor
pronájem	maskulinum	5	rent
prosinec	maskulinum	5	December
prst	maskulinum	5	finger
průjem	maskulinum	5	diarrhoea
průkaz	maskulinum	5	card
příbor	maskulinum	5	cutlery
příjezd	maskulinum	5	arrival
příklad	maskulinum	5	example
rentgen	maskulinum	5	X-ray
režisér	maskulinum	5	director
rock	maskulinum	5	rock
ročník	maskulinum	5	year
rodič	maskulinum	5	parent
rohlík	maskulinum	5	roll
rozhlas	maskulinum	5	radio
ručník	maskulinum	5	towel
Rus	maskulinum	5	Russian
rybník	maskulinum	5	pond
rychlík	maskulinum	5	express train
řád	maskulinum	5	timetable
ředitel	maskulinum	5	director
řemeslník	maskulinum	5	craftsman
řidič	maskulinum	5	driver
říjen	maskulinum	5	October
řízek	maskulinum	5	schnitzel
salám	maskulinum	5	salami
salát	maskulinum	5	salad
seriál	maskulinum	5	series
sešit	maskulinum	5	notebook
sever	maskulinum	5	north
slovník	maskulinum	5	dictionary
sníh	maskulinum	5	snow
součet	maskulinum	5	sum
soused	maskulinum	5	neighbour
spisovatel	maskulinum	5	writer
sporák	maskulinum	5	stove
sport	maskulinum	5	sport
sportovec	maskulinum	5	athlete
spotřebič	maskulinum	5	appliance
srpen	maskulinum	5	August
stadion	maskulinum	5	stadium
strach	maskulinum	5	fear
strom	maskulinum	5	tree
strýc	maskulinum	5	uncle
supermarket	maskulinum	5	supermarket
svátek	maskulinum	5	holiday
svetr	maskulinum	5	sweater
talíř	maskulinum	5	plate
tatínek	maskulinum	5	daddy
taxík	maskulinum	5	taxi
technik	maskulinum	5	technician
televizor	maskulinum	5	television
tenis	maskulinum	5	tennis
test	maskulinum	5	test
textil	maskulinum	5	textile
tlak	maskulinum	5	pressure
tlumočník	maskulinum	5	interpreter
trh	maskulinum	5	market
trolejbus	maskulinum	5	trolleybus
týden	maskulinum	5	week
účet	maskulinum	5	bill
úkol	maskulinum	5	task
Ukrajinec	maskulinum	5	Ukrainian
umělec	maskulinum	5	artist
únor	maskulinum	5	February
úřad	maskulinum	5	office
úředník	maskulinum	5	clerk
vagon	maskulinum	5	wagon
věk	maskulinum	5	age
vchod	maskulinum	5	entrance
Vietnamec	maskulinum	5	Vietnamese
víkend	maskulinum	5	weekend
vitamin	maskulinum	5	vitamin
vítr	maskulinum	5	wind
volejbal	maskulinum	5	volleyball
výlet	maskulinum	5	trip
výtah	maskulinum	5	lift
začátečník	maskulinum	5	beginner
začátek	maskulinum	5	beginning
záchod	maskulinum	5	toilet
zákaz	maskulinum	5	ban
zákusek	maskulinum	5	dessert
zaměstnanec	maskulinum	5	employee
zaměstnavatel	maskulinum	5	employer
západ	maskulinum	5	west
zavináč	maskulinum	5	@ sign
zedník	maskulinum	5	bricklayer
zpěvák	maskulinum	5	singer
zrak	maskulinum	5	sight
zub	maskulinum	5	tooth
zubař	maskulinum	5	dentist
žák	maskulinum	5	pupil
žaludek	maskulinum	5	stomach
život	maskulinum	5	life
životopis	maskulinum	5	CV
bezpečnost	femininum	5	safety
bolest	femininum	5	pain
broskev	femininum	5	peach
budoucnost	femininum	5	future
část	femininum	5	part
činnost	femininum	5	activity
daň	femininum	5	tax
chuť	femininum	5	taste
kolej	femininum	5	dormitory / track
kost	femininum	5	bone
krádež	femininum	5	theft
krev	femininum	5	blood
kuchyň	femininum	5	kitchen
láhev	femininum	5	bottle
loď	femininum	5	boat
masáž	femininum	5	massage
mast	femininum	5	ointment
mládež	femininum	5	youth
moc	femininum	5	power
myš	femininum	5	mouse
národnost	femininum	5	nationality
nemoc	femininum	5	illness
noc	femininum	5	night
obec	femininum	5	municipality
ocel	femininum	5	steel
pomoc	femininum	5	help
postel	femininum	5	bed
povodeň	femininum	5	flood
předpověď	femininum	5	forecast
předsíň	femininum	5	hallway
příslušnost	femininum	5	affiliation
radost	femininum	5	joy
řeč	femininum	5	speech
skříň	femininum	5	wardrobe
smrt	femininum	5	death
soutěž	femininum	5	competition
společnost	femininum	5	society / company
starost	femininum	5	worry
sůl	femininum	5	salt
tvář	femininum	5	face
trať	femininum	5	track
tramvaj	femininum	5	tram
událost	femininum	5	event
věc	femininum	5	thing
velikost	femininum	5	size
věž	femininum	5	tower
vlhkost	femininum	5	humidity
výpověď	femininum	5	notice / testimony
vzdálenost	femininum	5	distance
žádost	femininum	5	request
žízeň	femininum	5	thirst
Výraz	Rod	Úroveň	Anglicky
paní	femininum	6	lady / Mrs
krejčí	maskulinum	6	tailor
vedoucí	maskulinum	6	manager
cestující	maskulinum	6	passenger
vrchní	maskulinum	6	head waiter
průvodčí	maskulinum	6	conductor
stavení	neutrum	6	building
bydlení	neutrum	6	housing
náměstí	neutrum	6	square
nádraží	neutrum	6	train station
narození	neutrum	6	birth
nebezpečí	neutrum	6	danger
oblečení	neutrum	6	clothing
očkování	neutrum	6	vaccination
pití	neutrum	6	drink
plavání	neutrum	6	swimming
počasí	neutrum	6	weather
pojištění	neutrum	6	insurance
pondělí	neutrum	6	Monday
poschodí	neutrum	6	floor
potvrzení	neutrum	6	confirmation
povolání	neutrum	6	profession
povolení	neutrum	6	permission
příjmení	neutrum	6	surname
přízemí	neutrum	6	ground floor
topení	neutrum	6	heating
úterý	neutrum	6	Tuesday
vyučování	neutrum	6	teaching
vzdělání	neutrum	6	education
září	neutrum	6	September
zboží	neutrum	6	goods
zpoždění	neutrum	6	delay
nádobí	neutrum	6	dishes
klenotnictví	neutrum	6	jeweller's
knihkupectví	neutrum	6	bookshop
koření	neutrum	6	spice
krejčovství	neutrum	6	tailoring
květinářství	neutrum	6	flower shop
mistrovství	neutrum	6	championship
náboženství	neutrum	6	religion
občanství	neutrum	6	citizenship
občerstvení	neutrum	6	refreshment
odbavení	neutrum	6	check-in
oddělení	neutrum	6	department
oznámení	neutrum	6	announcement
papírnictví	neutrum	6	stationery shop
podání	neutrum	6	submission
pohlaví	neutrum	6	gender
pokračování	neutrum	6	continuation
provedení	neutrum	6	execution
představení	neutrum	6	performance
přepadení	neutrum	6	robbery
připojení	neutrum	6	connection
přiznání	neutrum	6	confession
rozloučení	neutrum	6	farewell
ručení	neutrum	6	liability
spojení	neutrum	6	connection
stání	neutrum	6	standing
těhotenství	neutrum	6	pregnancy
úmrtí	neutrum	6	death
vězení	neutrum	6	prison
vysvědčení	neutrum	6	report card
vysvětlení	neutrum	6	explanation
vyšetření	neutrum	6	examination
vyznání	neutrum	6	confession
zabezpečení	neutrum	6	security
zastavení	neutrum	6	stop
zastupitelství	neutrum	6	agency
zavolání	neutrum	6	call
antibiotika	neutrum	8	antibiotics
játra	neutrum	8	liver
ústa	neutrum	8	mouth
záda	neutrum	8	back
léta	neutrum	8	years
džíny	maskulinum	8	jeans
nervy	maskulinum	8	nerves
pantofle	maskulinum	8	slippers
prášky	maskulinum	8	pills
punčocháče	maskulinum	8	tights
tepláky	maskulinum	8	tracksuit
Vánoce	maskulinum	8	Christmas
Velikonoce	maskulinum	8	Easter
hranolky	maskulinum	8	fries
náklady	maskulinum	8	costs
oděvy	maskulinum	8	clothes
páni	maskulinum	8	gentlemen
poplatky	maskulinum	8	fees
rodiče	maskulinum	8	parents
šachy	maskulinum	8	chess
šaty	maskulinum	8	dress
špagety	maskulinum	8	spaghetti
vlasy	maskulinum	8	hair
vousy	maskulinum	8	beard
peníze	maskulinum	8	money
brusle	femininum	8	skates
housle	femininum	8	violin
jesle	femininum	8	nursery
kapky	femininum	8	drops
ledviny	femininum	8	kidneys
lyže	femininum	8	skis
masáže	femininum	8	massages
památky	femininum	8	monuments
plavky	femininum	8	swimsuit
plíce	femininum	8	lungs
ponožky	femininum	8	socks
punčochy	femininum	8	stockings
služby	femininum	8	services
těstoviny	femininum	8	pasta
volby	femininum	8	elections
boty	femininum	8	shoes
brýle	femininum	8	glasses
dveře	femininum	8	door
hodiny	femininum	8	clock
hory	femininum	8	mountains
kalhoty	femininum	8	trousers
karty	femininum	8	cards
noviny	femininum	8	newspaper
oči	femininum	8	eyes
potraviny	femininum	8	groceries
prázdniny	femininum	8	holidays
uši	femininum	8	ears
zprávy	femininum	8	news
brambory	femininum	8	potatoes
dámy	femininum	8	ladies
kupé	neutrum	9	compartment
piano	neutrum	9	piano
taxi	neutrum	9	taxi
zoo	neutrum	9	zoo
menu	neutrum	9	menu
hobby	neutrum	9	hobby
fitness	neutrum	9	fitness
kafe	neutrum	9	coffee
kakao	neutrum	9	cocoa
rádio	neutrum	9	radio
studio	neutrum	9	studio
video	neutrum	9	video
metro	neutrum	9	metro
minus	neutrum	9	minus
plus	neutrum	9	plus
muzeum	neutrum	9	museum
kilo	neutrum	9	kilo
deci	neutrum	9	decilitre
deko	neutrum	9	decagram
datum	neutrum	9	date
hospodský	maskulinum	10	innkeeper
vrátný	maskulinum	10	porter
nemocný	maskulinum	10	patient
příbuzný	maskulinum	10	relative
známý	maskulinum	10	acquaintance
dospělý	maskulinum	10	adult
nadřízený	maskulinum	10	superior
podřízený	maskulinum	10	subordinate
obviněný	maskulinum	10	accused
obžalovaný	maskulinum	10	defendant
podezřelý	maskulinum	10	suspect
postižený	maskulinum	10	disabled person
nezaměstnaný	maskulinum	10	unemployed person
volaný	maskulinum	10	called person
pokojská	femininum	10	chambermaid
vrátná	femininum	10	female porter
nemocná	femininum	10	female patient
příbuzná	femininum	10	female relative
známá	femininum	10	female acquaintance
mateřská	femininum	10	maternity leave
svíčková	femininum	10	sirloin sauce
vstupné	neutrum	10	admission fee
spropitné	neutrum	10	tip
kapesné	neutrum	10	pocket money
nájemné	neutrum	10	rent
jízdné	neutrum	10	fare
školné	neutrum	10	tuition
pojistné	neutrum	10	insurance premium
ošetřovné	neutrum	10	care allowance
porodné	neutrum	10	maternity allowance
poštovné	neutrum	10	postage
předplatné	neutrum	10	subscription
stočné	neutrum	10	sewage fee
vodné	neutrum	10	water fee
drobné	neutrum	10	small change
Výraz	Rod	Úroveň	Anglicky
autoservis	maskulinum	5	car service
bál	maskulinum	5	ball
byt 3+1	maskulinum	5	3+1 apartment
e-mail	maskulinum	5	email
jazyky	maskulinum	8	languages
kraj	maskulinum	5	region
kurz	maskulinum	5	course
laboratoř	maskulinum	5	laboratory
nábytek	maskulinum	5	furniture
program	maskulinum	5	program
recept	maskulinum	5	recipe / prescription
východ	maskulinum	5	east / exit
Výraz	Rod	Úroveň	Anglicky
aperitiv	maskulinum	5	aperitif
autobazar	maskulinum	5	car dealership
autodíl	maskulinum	5	car part
balet	maskulinum	5	ballet
balíček	maskulinum	5	packet
básník	maskulinum	5	poet
batoh	maskulinum	5	backpack
běh	maskulinum	5	run
běloch	maskulinum	5	white man
beton	maskulinum	5	concrete
bojler	maskulinum	5	boiler
bowling	maskulinum	5	bowling
bratranec	maskulinum	5	cousin
brigádník	maskulinum	5	part-time worker
budík	maskulinum	5	alarm clock
celer	maskulinum	5	celery
černoch	maskulinum	5	black man
článek	maskulinum	5	article
člen	maskulinum	5	member
čtenář	maskulinum	5	reader
čtverec	maskulinum	5	square
decilitr	maskulinum	5	decilitre
dějepis	maskulinum	5	history
dekagram	maskulinum	5	decagram
diabetik	maskulinum	5	diabetic
diskžokej	maskulinum	5	DJ
divák	maskulinum	5	spectator
docent	maskulinum	5	docent
dokument	maskulinum	5	document
doplatek	maskulinum	5	surcharge
dres	maskulinum	5	jersey
druh	maskulinum	5	partner
dřez	maskulinum	5	sink
dvůr	maskulinum	5	courtyard
džem	maskulinum	5	jam
elektrikář	maskulinum	5	electrician
fakt	maskulinum	5	fact
fanoušek	maskulinum	5	fan
fén	maskulinum	5	hairdryer
fix	maskulinum	5	marker
fond	maskulinum	5	fund
formulář	maskulinum	5	form
hlas	maskulinum	5	voice
hmyz	maskulinum	5	insect
hrášek	maskulinum	5	pea
hrnec	maskulinum	5	pot
hrnek	maskulinum	5	mug
hřeben	maskulinum	5	comb
chirurg	maskulinum	5	surgeon
chodník	maskulinum	5	pavement
chrám	maskulinum	5	temple
instalatér	maskulinum	5	plumber
internet	maskulinum	5	internet
jednatel	maskulinum	5	managing director
kadeřník	maskulinum	5	hairdresser
kamion	maskulinum	5	truck
kapesník	maskulinum	5	handkerchief
kapr	maskulinum	5	carp
kardiolog	maskulinum	5	cardiologist
kartáč	maskulinum	5	brush
katolík	maskulinum	5	Catholic
keř	maskulinum	5	bush
klobouk	maskulinum	5	hat
klub	maskulinum	5	club
knír	maskulinum	5	moustache
koberec	maskulinum	5	carpet
koláč	maskulinum	5	cake
koníček	maskulinum	5	hobby
kostým	maskulinum	5	costume
košík	maskulinum	5	basket
kotel	maskulinum	5	boiler
kotník	maskulinum	5	ankle
kousek	maskulinum	5	piece
kout	maskulinum	5	corner
krb	maskulinum	5	fireplace
kruh	maskulinum	5	circle
křesťan	maskulinum	5	Christian
kufr	maskulinum	5	suitcase
kulečník	maskulinum	5	billiards
kůň	maskulinum	5	horse
kurt	maskulinum	5	court
kus	maskulinum	5	piece
let	maskulinum	5	flight
listonoš	maskulinum	5	postman
loket	maskulinum	5	elbow
lux	maskulinum	5	vacuum cleaner
lyžař	maskulinum	5	skier
majetek	maskulinum	5	property
majitel	maskulinum	5	owner
makléř	maskulinum	5	broker
malíř	maskulinum	5	painter
med	maskulinum	5	honey
milimetr	maskulinum	5	millimetre
ministr	maskulinum	5	minister
model	maskulinum	5	model
monitor	maskulinum	5	monitor
mrak	maskulinum	5	cloud
muslim	maskulinum	5	Muslim
nástroj	maskulinum	5	tool
notebook	maskulinum	5	laptop
nůž	maskulinum	5	knife
občan	maskulinum	5	citizen
obchodník	maskulinum	5	merchant
objem	maskulinum	5	volume
objezd	maskulinum	5	detour
oblek	maskulinum	5	suit
obývák	maskulinum	5	living room
odbor	maskulinum	5	department
oděv	maskulinum	5	clothing
odlet	maskulinum	5	departure
olej	maskulinum	5	oil
ošetřovatel	maskulinum	5	carer
panel	maskulinum	5	panel
parlament	maskulinum	5	parliament
partner	maskulinum	5	partner
pás	maskulinum	5	belt
pekáč	maskulinum	5	baking tray
pepř	maskulinum	5	pepper
petržel	femininum	5	parsley
plán	maskulinum	5	plan
plast	maskulinum	5	plastic
pneuservis	maskulinum	5	tyre service
počet	maskulinum	5	count
podnájem	maskulinum	5	sublease
podpatek	maskulinum	5	heel
pojišťovatel	maskulinum	5	insurer
politik	maskulinum	5	politician
porcelán	maskulinum	5	porcelain
porod	maskulinum	5	birth
pořad	maskulinum	5	programme
poslanec	maskulinum	5	MP
potok	maskulinum	5	stream
potrat	maskulinum	5	abortion
požár	maskulinum	5	fire
prarodič	maskulinum	5	grandparent
prášek	maskulinum	5	powder
primátor	maskulinum	5	mayor
prohlížeč	maskulinum	5	browser
projektor	maskulinum	5	projector
prostor	maskulinum	5	space
prostředek	maskulinum	5	means
předkrm	maskulinum	5	starter
předmět	maskulinum	5	subject
předprodej	maskulinum	5	presale
přehled	maskulinum	5	overview
přechod	maskulinum	5	crossing
přejezd	maskulinum	5	level crossing
překlad	maskulinum	5	translation
překladatel	maskulinum	5	translator
přeplatek	maskulinum	5	overpayment
přesčas	maskulinum	5	overtime
přestupek	maskulinum	5	offence
převod	maskulinum	5	transfer
přídavek	maskulinum	5	allowance
příchod	maskulinum	5	arrival
příjem	maskulinum	5	income
přílet	maskulinum	5	arrival
případ	maskulinum	5	case
příplatek	maskulinum	5	surcharge
příspěvek	maskulinum	5	contribution
psychiatr	maskulinum	5	psychiatrist
původ	maskulinum	5	origin
registr	maskulinum	5	register
rejstřík	maskulinum	5	index
revizor	maskulinum	5	inspector
román	maskulinum	5	novel
rozdíl	maskulinum	5	difference
rozměr	maskulinum	5	dimension
rozsudek	maskulinum	5	judgment
rozvod	maskulinum	5	divorce
rozvrh	maskulinum	5	schedule
rum	maskulinum	5	rum
řezník	maskulinum	5	butcher
sál	maskulinum	5	hall
semafor	maskulinum	5	traffic light
seminář	maskulinum	5	seminar
Senát	maskulinum	5	Senate
senátor	maskulinum	5	senator
senior	maskulinum	5	senior
schod	maskulinum	5	step
sklep	maskulinum	5	cellar
sluch	maskulinum	5	hearing
směr	maskulinum	5	direction
sňatek	maskulinum	5	marriage
sochař	maskulinum	5	sculptor
soud	maskulinum	5	court
sourozenec	maskulinum	5	sibling
spánek	maskulinum	5	sleep
stánek	maskulinum	5	stall
stav	maskulinum	5	state
stejk	maskulinum	5	steak
strojek	maskulinum	5	small machine
strop	maskulinum	5	ceiling
střed	maskulinum	5	centre
střih	maskulinum	5	cut
stupeň	maskulinum	5	degree
svědek	maskulinum	5	witness
šálek	maskulinum	5	cup
šampon	maskulinum	5	shampoo
šátek	maskulinum	5	scarf
školník	maskulinum	5	school caretaker
špenát	maskulinum	5	spinach
šperk	maskulinum	5	jewel
švagr	maskulinum	5	brother-in-law
tablet	maskulinum	5	tablet
tělocvik	maskulinum	5	PE
tchán	maskulinum	5	father-in-law
trenér	maskulinum	5	coach
trest	maskulinum	5	punishment
tvar	maskulinum	5	shape
tvaroh	maskulinum	5	curd
tým	maskulinum	5	team
ultrazvuk	maskulinum	5	ultrasound
úraz	maskulinum	5	injury
úvazek	maskulinum	5	contract
vařič	maskulinum	5	cooker
vdovec	maskulinum	5	widower
veterinář	maskulinum	5	vet
vjezd	maskulinum	5	entrance
volant	maskulinum	5	steering wheel
vozík	maskulinum	5	trolley
vrtulník	maskulinum	5	helicopter
vůz	maskulinum	5	carriage
výjezd	maskulinum	5	exit
výpis	maskulinum	5	statement
vysavač	maskulinum	5	vacuum cleaner
výsledek	maskulinum	5	result
výslech	maskulinum	5	interrogation
význam	maskulinum	5	meaning
vzhled	maskulinum	5	appearance
zájem	maskulinum	5	interest
zájezd	maskulinum	5	package tour
zákon	maskulinum	5	law
zápach	maskulinum	5	smell
zápal	maskulinum	5	inflammation
zápas	maskulinum	5	match
zápis	maskulinum	5	enrolment
závodník	maskulinum	5	racer
zeměpis	maskulinum	5	geography
zeť	maskulinum	5	son-in-law
zvuk	maskulinum	5	sound
Výraz	Rod	Úroveň	Anglicky
advokátka	femininum	1	lawyer (female)
angličtina	femininum	1	English
asistentka	femininum	1	assistant (female)
babička	femininum	1	grandmother
barva	femininum	1	colour
bavlna	femininum	1	cotton
benzinka	femininum	1	petrol station
blůza	femininum	1	blouse
brigáda	femininum	1	part-time job
bunda	femininum	1	jacket
cesta	femininum	1	journey
cibule	femininum	1	onion
cizinka	femininum	1	foreigner (female)
cukrárna	femininum	1	sweet shop
cukrovka	femininum	1	diabetes
čekárna	femininum	1	waiting room
čepice	femininum	1	cap
čeština	femininum	1	Czech
čistírna	femininum	1	cleaner's
číšnice	femininum	1	waitress
čokoláda	femininum	1	chocolate
dálnice	femininum	1	motorway
dělnice	femininum	1	worker (female)
diskotéka	femininum	1	disco
dívka	femininum	1	girl
doba	femininum	1	period
domácnost	femininum	5	household
dovolená	femininum	1	holiday
drogerie	femininum	3	drugstore
drůbež	femininum	5	poultry
důchodkyně	femininum	3	pensioner (female)
ekonomie	femininum	3	economics
elektřina	femininum	1	electricity
fakulta	femininum	1	faculty
farma	femininum	1	farm
farmářka	femininum	1	farmer (female)
firma	femininum	1	company
fyzika	femininum	1	physics
galerie	femininum	3	gallery
garáž	femininum	5	garage
gynekoložka	femininum	1	gynaecologist (female)
herečka	femininum	1	actress
hlava	femininum	1	head
holka	femininum	1	girl
hora	femininum	1	mountain
hořčice	femininum	3	mustard
hospoda	femininum	1	pub
houska	femininum	1	bun
hra	femininum	1	game
hruška	femininum	1	pear
hudba	femininum	1	music
hudebnice	femininum	3	musician (female)
chata	femininum	1	cottage
chřipka	femininum	1	flu
chvíle	femininum	3	moment
chyba	femininum	1	mistake
informace	femininum	3	information
informatika	femininum	1	IT
injekce	femininum	3	injection
jídelna	femininum	1	dining room
jízdenka	femininum	1	ticket
kabinka	femininum	1	cabin
kadeřnice	femininum	3	hairdresser (female)
kamarádka	femininum	1	friend (female)
kancelář	femininum	5	office
karta	femininum	1	card
kočka	femininum	1	cat
kola	femininum	1	cola
komedie	femininum	3	comedy
kontrola	femininum	1	check
konverzace	femininum	3	conversation
kosmetička	femininum	3	cosmetician
kosmetika	femininum	1	cosmetics
košile	femininum	3	shirt
koupelna	femininum	1	bathroom
křižovatka	femininum	1	crossroads
kuchařka	femininum	1	cook (female)
kuchyň	femininum	5	kitchen
květina	femininum	1	flower
lampa	femininum	1	lamp
lednička	femininum	1	fridge
lékárna	femininum	1	pharmacy
lékárnice	femininum	3	pharmacist (female)
lékařka	femininum	1	doctor (female)
letenka	femininum	1	plane ticket
limonáda	femininum	1	lemonade
linka	femininum	1	line
majitelka	femininum	1	owner (female)
máma	femininum	1	mum
maminka	femininum	1	mummy
manželka	femininum	1	wife
matematika	femininum	1	mathematics
medicína	femininum	1	medicine
mince	femininum	3	coin
minerálka	femininum	1	mineral water
místnost	femininum	5	room
moč	femininum	5	urine
Mongolka	femininum	1	Mongolian (female)
mrkev	femininum	5	carrot
myčka	femininum	1	dishwasher
mzda	femininum	1	wage
nafta	femininum	1	diesel
nájemnice	femininum	3	tenant (female)
neděle	femininum	3	Sunday
nehoda	femininum	1	accident
nemocenská	femininum	1	sick pay
neschopenka	femininum	1	sick note
novinářka	femininum	1	journalist (female)
obuv	femininum	5	footwear
okurka	femininum	1	cucumber
omáčka	femininum	1	sauce
operace	femininum	3	operation
oprava	femininum	1	repair
ordinace	femininum	3	surgery
pasta	femininum	1	paste
pizza	femininum	1	pizza
podnikatelka	femininum	1	businesswoman
pohlednice	femininum	3	postcard
pohotovost	femininum	5	emergency
pokladna	femininum	1	cash desk
polévka	femininum	1	soup
policie	femininum	3	police
policistka	femininum	1	policewoman
poliklinika	femininum	1	clinic
porucha	femininum	1	fault
posilovna	femininum	1	gym
pošta	femininum	1	post office
pračka	femininum	1	washing machine
prádelna	femininum	1	laundry
právnička	femininum	3	lawyer (female)
praxe	femininum	3	practice
prezidentka	femininum	1	president (female)
prodavačka	femininum	1	shop assistant (female)
profesorka	femininum	1	professor (female)
prohlídka	femininum	1	tour / check-up
procházka	femininum	1	walk
propiska	femininum	1	pen
průvodkyně	femininum	3	guide (female)
přestávka	femininum	1	break
přihláška	femininum	1	application
příloha	femininum	1	side dish
příroda	femininum	1	nature
půlnoc	femininum	5	midnight
pumpa	femininum	1	pump
republika	femininum	1	republic
režisérka	femininum	3	director (female)
ruka	femininum	1	hand
rukavice	femininum	3	glove
Ruska	femininum	1	Russian (female)
ryba	femininum	1	fish
rýma	femininum	1	cold
rýže	femininum	3	rice
řada	femininum	1	row
ředitelka	femininum	3	director (female)
řeka	femininum	1	river
řidička	femininum	3	driver (female)
sekretářka	femininum	1	secretary
sestřička	femininum	3	nurse
slečna	femininum	1	Miss
sleva	femininum	1	discount
směna	femininum	3	shift
smlouva	femininum	1	contract
sobota	femininum	1	Saturday
sousedka	femininum	1	neighbour (female)
soustrast	femininum	5	condolence
spisovatelka	femininum	3	writer (female)
sportovkyně	femininum	3	athlete (female)
sprcha	femininum	1	shower
stolice	femininum	3	stool
středa	femininum	1	Wednesday
sukně	femininum	3	skirt
šunka	femininum	1	ham
tabule	femininum	3	board
taška	femininum	1	bag
technička	femininum	3	technician (female)
televize	femininum	3	television
teplota	femininum	1	temperature
teta	femininum	1	aunt
tlumočnice	femininum	3	interpreter (female)
tma	femininum	1	darkness
továrna	femininum	1	factory
trasa	femininum	1	route
třešeň	femininum	5	cherry
tužka	femininum	1	pencil
ubytovna	femininum	1	hostel
učebnice	femininum	3	textbook
uklízečka	femininum	1	cleaner (female)
Ukrajinka	femininum	1	Ukrainian (female)
umělkyně	femininum	3	artist (female)
unie	femininum	3	union
univerzita	femininum	1	university
úřednice	femininum	3	clerk (female)
uzenina	femininum	1	sausage
vana	femininum	1	bathtub
vesnice	femininum	3	village
Vietnamka	femininum	1	Vietnamese (female)
viróza	femininum	1	virus
vlna	femininum	1	wool
vstupenka	femininum	1	entrance ticket
zácpa	femininum	1	constipation
začátečnice	femininum	3	beginner (female)
záchranka	femininum	1	ambulance
zaměstnankyně	femininum	3	employee (female)
zastávka	femininum	1	stop
zelenina	femininum	1	vegetables
zima	femininum	1	winter
zkouška	femininum	1	exam
zmrzlina	femininum	1	ice cream
značka	femininum	1	brand
známka	femininum	1	stamp
zpěvačka	femininum	1	singer (female)
zubařka	femininum	1	dentist (female)
žákyně	femininum	3	pupil (female)
Výraz	Rod	Úroveň	Anglicky
agentura	femininum	1	agency
akce	femininum	3	event
aktovka	femininum	1	briefcase
alergie	femininum	3	allergy
ambulance	femininum	3	clinic
angína	femininum	1	angina
antikoncepce	femininum	3	contraception
apostila	femininum	1	apostille
ateistka	femininum	1	atheist (female)
atletika	femininum	1	athletics
aula	femininum	1	lecture hall
autosedačka	femininum	1	car seat
autoškola	femininum	1	driving school
báseň	femininum	5	poem
básnířka	femininum	3	poet (female)
běloška	femininum	1	white woman
biologie	femininum	3	biology
bouřka	femininum	1	storm
brigádnice	femininum	3	part-time worker (female)
bronchitida	femininum	1	bronchitis
buddhistka	femininum	1	Buddhist (female)
budova	femininum	1	building
cela	femininum	1	cell
celnice	femininum	3	customs
cyklistika	femininum	1	cycling
cyklostezka	femininum	1	cycle path
čára	femininum	1	line
černoška	femininum	1	black woman
červená	femininum	1	red light
číslice	femininum	3	digit
členka	femininum	1	member (female)
čtenářka	femininum	3	reader (female)
čtvrt	femininum	5	quarter
čtvrtka	femininum	1	quarter
dávka	femininum	1	dose
detektivka	femininum	1	detective story
diabetička	femininum	3	diabetic (female)
dieta	femininum	1	diet
dobírka	femininum	1	cash on delivery
docentka	femininum	3	docent (female)
dohoda	femininum	1	agreement
doprava	femininum	1	transport
droga	femininum	1	drug
družka	femininum	1	partner (female)
elektronika	femininum	1	electronics
garsonka	femininum	1	studio flat
guma	femininum	1	rubber
gymnastika	femininum	1	gymnastics
halenka	femininum	1	blouse
hloubka	femininum	1	depth
horečka	femininum	1	fever
hranice	femininum	3	border
hvězda	femininum	1	star
chalupa	femininum	1	cottage
charita	femininum	1	charity
chemie	femininum	3	chemistry
chodba	femininum	1	corridor
informatička	femininum	3	IT specialist (female)
jednatelka	femininum	3	managing director (female)
kabelka	femininum	1	handbag
kachna	femininum	1	duck
kapela	femininum	1	band
kapusta	femininum	1	cabbage
kaše	femininum	3	porridge
katolička	femininum	1	Catholic (female)
klávesnice	femininum	3	keyboard
knihovna	femininum	1	library
kofola	femininum	1	Kofola
konvice	femininum	3	kettle
konzultace	femininum	3	consultation
krabice	femininum	3	box
krabička	femininum	1	small box
krajina	femininum	1	landscape
kravata	femininum	1	tie
křesťanka	femininum	1	Christian (female)
kvalita	femininum	1	quality
látka	femininum	1	fabric
lékárnička	femininum	1	first-aid kit
letuška	femininum	1	flight attendant
listonoška	femininum	3	postwoman
literatura	femininum	1	literature
ložnice	femininum	3	bedroom
lyžařka	femininum	3	skier (female)
maličkost	femininum	5	trifle
malířka	femininum	3	painter (female)
mandarinka	femininum	1	mandarin
manikúra	femininum	1	manicure
matrika	femininum	1	registry
maturita	femininum	1	school-leaving exam
měna	femininum	1	currency
menstruace	femininum	3	menstruation
menza	femininum	1	canteen
meruňka	femininum	1	apricot
mešita	femininum	3	mosque
mikrovlnka	femininum	1	microwave
ministryně	femininum	3	minister (female)
minulost	femininum	5	past
místenka	femininum	1	seat reservation
mlha	femininum	1	fog
motorka	femininum	1	motorbike
mouka	femininum	1	flour
muslimka	femininum	1	Muslim (female)
nabídka	femininum	1	offer
navigace	femininum	3	navigation
návštěva	femininum	1	visit
nezaměstnanost	femininum	5	unemployment
nostrifikace	femininum	3	recognition of diploma
nouze	femininum	3	emergency
občanka	femininum	1	citizenship card
obchodnice	femininum	3	merchant (female)
objednávka	femininum	1	order
objížďka	femininum	1	detour
obsluha	femininum	1	service
odbočka	femininum	1	turn
odměna	femininum	1	reward
olympiáda	femininum	1	Olympics
opera	femininum	1	opera
opravna	femininum	1	repair shop
optika	femininum	1	optician
optimistka	femininum	1	optimist (female)
oranžová	femininum	1	orange light
organizace	femininum	3	organisation
osoba	femininum	1	person
ošetřovatelka	femininum	3	carer (female)
palačinka	femininum	1	pancake
památka	femininum	1	monument
pánev	femininum	5	pan
paprika	femininum	1	pepper
partnerka	femininum	1	partner (female)
paštika	femininum	1	pâté
pedikúra	femininum	1	pedicure
pesimistka	femininum	1	pessimist (female)
pláštěnka	femininum	1	raincoat
pleš	femininum	5	bald head
plomba	femininum	1	filling
pneumatika	femininum	1	tyre
podlaha	femininum	1	floor
podpora	femininum	1	support
poezie	femininum	3	poetry
pohádka	femininum	1	fairy tale
pojišťovatelka	femininum	3	insurer (female)
pojišťovna	femininum	1	insurance company
pokuta	femininum	1	fine
polička	femininum	1	shelf
politička	femininum	3	politician (female)
politika	femininum	1	politics
polovina	femininum	1	half
pomůcka	femininum	1	aid
porodnice	femininum	3	maternity hospital
poslankyně	femininum	3	MP (female)
postava	femininum	1	figure
potřeba	femininum	1	need
povaha	femininum	1	character
primátorka	femininum	3	mayor (female)
profese	femininum	3	profession
přednáška	femininum	1	lecture
předvolba	femininum	1	area code
překladatelka	femininum	3	translator (female)
přepážka	femininum	1	partition
přesnídávka	femininum	1	snack
příslušnost	femininum	5	affiliation
psychiatrička	femininum	3	psychiatrist (female)
půjčka	femininum	1	loan
půjčovna	femininum	1	rental shop
půlka	femininum	1	half
raketa	femininum	1	rocket
rakovina	femininum	1	cancer
rána	femininum	1	wound
rehabilitace	femininum	3	rehabilitation
reklama	femininum	1	advertisement
revizorka	femininum	3	inspector (female)
rostlina	femininum	1	plant
rovina	femininum	1	plain
rozloha	femininum	1	area
růže	femininum	3	rose
sádra	femininum	1	plaster
sekunda	femininum	1	second
senátorka	femininum	3	senator (female)
seniorka	femininum	1	senior (female)
servírka	femininum	1	waitress
sestřenice	femininum	3	cousin (female)
schránka	femininum	1	mailbox
sklenice	femininum	3	glass
skupina	femininum	1	group
složenka	femininum	1	payment slip
směnárna	femininum	1	exchange office
smetana	femininum	1	cream
snacha	femininum	3	daughter-in-law
sněmovna	femininum	1	chamber
sochařka	femininum	3	sculptor (female)
soudkyně	femininum	3	judge (female)
splátka	femininum	1	instalment
spousta	femininum	1	lot
srážka	femininum	1	collision
starostka	femininum	3	mayor (female)
stavba	femininum	1	building
stážistka	femininum	3	intern (female)
stěna	femininum	1	wall
strana	femininum	1	party / side
stránka	femininum	1	page
studovna	femininum	1	study room
superlegalizace	femininum	3	superlegalisation
sušička	femininum	1	dryer
svačina	femininum	1	snack
svědkyně	femininum	3	witness (female)
svíčková	femininum	1	sirloin sauce
šála	femininum	1	scarf
šatna	femininum	1	cloakroom
šířka	femininum	1	width
škoda	femininum	1	damage
školnice	femininum	3	school caretaker (female)
špína	femininum	1	dirt
švadlena	femininum	1	seamstress
švagrová	femininum	1	sister-in-law
švestka	femininum	1	plum
tableta	femininum	1	tablet
tělocvična	femininum	1	gym
tchýně	femininum	3	mother-in-law
trenérka	femininum	3	coach (female)
tržnice	femininum	3	market
učebna	femininum	1	classroom
účtenka	femininum	1	receipt
úschovna	femininum	1	left luggage
váha	femininum	1	weight
vazba	femininum	1	custody
vdova	femininum	1	widow
veterinářka	femininum	3	vet (female)
vidlička	femininum	1	fork
vláda	femininum	1	government
vložka	femininum	1	insole
vrátnice	femininum	1	porter's lodge
výplata	femininum	1	pay
vyrážka	femininum	1	rash
výstava	femininum	1	exhibition
výška	femininum	1	height
záclona	femininum	1	curtain
záloha	femininum	1	deposit
zatáčka	femininum	1	bend
závodnice	femininum	3	racer (female)
zelená	femininum	1	green light
zlomenina	femininum	1	fracture
změna	femininum	1	change
zóna	femininum	1	zone
zpráva	femininum	1	message
žaloba	femininum	1	lawsuit
žehlička	femininum	1	iron
Výraz	Rod	Úroveň	Anglicky
břicho	neutrum	1	belly
bydliště	neutrum	4	residence
cvičení	neutrum	6	exercise
datum	neutrum	9	date
dítě	neutrum	4	child
drobné	neutrum	10	small change
holičství	neutrum	6	barbershop
hřiště	neutrum	4	playground
jaro	neutrum	1	spring
jídlo	neutrum	1	food
kadeřnictví	neutrum	6	hairdresser's
kafe	neutrum	9	coffee
kakao	neutrum	9	cocoa
kilo	neutrum	9	kilo
koleno	neutrum	1	knee
kolo	neutrum	1	bicycle / wheel
kuře	neutrum	4	chicken
léto	neutrum	1	summer
lyžování	neutrum	6	skiing
menu	neutrum	9	menu
ministerstvo	neutrum	1	ministry
minus	neutrum	9	minus
mýdlo	neutrum	1	soap
nádobí	neutrum	6	dishes
nádraží	neutrum	6	train station
nájemné	neutrum	10	rent
náměstí	neutrum	6	square
narození	neutrum	6	birth
nebezpečí	neutrum	6	danger
oblečení	neutrum	6	clothing
očkování	neutrum	6	vaccination
oko	neutrum	1	eye
ovoce	neutrum	4	fruit
parkoviště	neutrum	4	parking lot
pekařství	neutrum	6	bakery
pití	neutrum	6	drink
plavání	neutrum	6	swimming
plus	neutrum	9	plus
počasí	neutrum	6	weather
pojištění	neutrum	6	insurance
poledne	neutrum	4	noon
poschodí	neutrum	6	floor
potvrzení	neutrum	6	confirmation
povolání	neutrum	6	profession
povolení	neutrum	6	permission
pracoviště	neutrum	4	workplace
právo	neutrum	1	law
procento	neutrum	1	percent
příjmení	neutrum	6	surname
přízemí	neutrum	6	ground floor
rádio	neutrum	9	radio
rajče	neutrum	4	tomato
řeznictví	neutrum	6	butcher's
sako	neutrum	1	jacket
sedadlo	neutrum	1	seat
sklo	neutrum	1	glass
slunce	neutrum	4	sun
srdce	neutrum	4	heart
tělo	neutrum	1	body
ticho	neutrum	1	quiet
topení	neutrum	6	heating
tričko	neutrum	1	T-shirt
ucho	neutrum	4	ear
umyvadlo	neutrum	1	washbasin
úterý	neutrum	6	Tuesday
video	neutrum	9	video
vízum	neutrum	9	visa
vnitro	neutrum	1	interior
vyučování	neutrum	6	teaching
vzdělání	neutrum	6	education
zaměstnání	neutrum	6	employment
září	neutrum	6	September
zboží	neutrum	6	goods
zelí	neutrum	4	cabbage
zpoždění	neutrum	6	delay
zvíře	neutrum	4	animal
Výraz	Rod	Úroveň	Anglicky
centrum	neutrum	1	centre
čelo	neutrum	1	forehead
deci	neutrum	9	decilitre
deko	neutrum	9	decagram
družstvo	neutrum	1	team
dřevo	neutrum	1	wood
jezero	neutrum	1	lake
klenotnictví	neutrum	6	jeweller's
knihkupectví	neutrum	6	bookshop
koření	neutrum	6	spice
krejčovství	neutrum	6	tailoring
křeslo	neutrum	1	armchair
kupé	neutrum	9	compartment
květinářství	neutrum	6	flower shop
lůžko	neutrum	1	bed
mistrovství	neutrum	6	championship
náboženství	neutrum	6	religion
nebe	neutrum	4	sky
občanství	neutrum	6	citizenship
občerstvení	neutrum	6	refreshment
odbavení	neutrum	6	check-in
oddělení	neutrum	6	department
ošetřovné	neutrum	10	care allowance
oznámení	neutrum	6	announcement
papírnictví	neutrum	6	stationery shop
patro	neutrum	1	floor
pečivo	neutrum	1	pastry
piano	neutrum	9	piano
plzeňské	neutrum	10	Pilsner
podání	neutrum	6	submission
pohlaví	neutrum	6	gender
pojistné	neutrum	10	insurance premium
pokračování	neutrum	6	continuation
pole	neutrum	4	field
porodné	neutrum	10	maternity allowance
poštovné	neutrum	10	postage
prádlo	neutrum	1	laundry
provedení	neutrum	6	execution
předplatné	neutrum	10	subscription
představení	neutrum	6	performance
přepadení	neutrum	6	robbery
připojení	neutrum	6	connection
přiznání	neutrum	6	confession
pyžamo	neutrum	1	pyjamas
rozloučení	neutrum	6	farewell
ručení	neutrum	6	liability
schodiště	neutrum	4	staircase
spojení	neutrum	6	connection
spropitné	neutrum	10	tip
stání	neutrum	6	standing
stanoviště	neutrum	4	station / stop
stočné	neutrum	10	sewage fee
stříbro	neutrum	1	silver
studio	neutrum	9	studio
světlo	neutrum	1	light
šestinedělí	neutrum	6	puerperium
taxi	neutrum	9	taxi
těhotenství	neutrum	6	pregnancy
učiliště	neutrum	4	vocational school
uhlí	neutrum	1	coal
úmrtí	neutrum	6	death
vězení	neutrum	6	prison
vodné	neutrum	10	water fee
vozidlo	neutrum	1	vehicle
vysvědčení	neutrum	6	report card
vysvětlení	neutrum	6	explanation
vyšetření	neutrum	6	examination
vyznání	neutrum	6	confession
zabezpečení	neutrum	6	security
zastavení	neutrum	6	stop
zastupitelství	neutrum	6	agency
zavazadlo	neutrum	1	piece of luggage
zavolání	neutrum	6	call
zoo	neutrum	9	zoo
železo	neutrum	1	iron
lože	neutrum	4	bed; berth
doupě	neutrum	4	den; lair
koště	neutrum	4	broom
poupě	neutrum	4	bud
citoslovce	neutrum	4	interjection
příslovce	neutrum	4	adverb
téma	neutrum	9	topic
drama	neutrum	9	drama
schéma	neutrum	9	diagram; scheme
klima	neutrum	9	climate
dilema	neutrum	9	dilemma
dogma	neutrum	9	dogma
trauma	neutrum	9	trauma
aroma	neutrum	9	aroma
štěně	neutrum	4	puppy
hotel	maskulinum	5	hotel
